{"cameraMode":{"drawMode":0,"name":"Shaded","section":"Shading Mode"},"sceneLighting":false,"audioPlay":false,"sceneViewState":{"showFog":false,"showMaterialUpdate":false,"showSkybox":false,"showFlares":false,"showImageEffects":false,"showParticleSystems":false},"in2DMode":false,"pivot":{"x":-0.09144376218318939,"y":0.5952897071838379,"z":0.1361829787492752},"rotation":{"x":-0.003413456492125988,"y":0.9962223172187805,"z":-0.07335449755191803,"w":-0.0463578999042511},"size":1.6887521743774415,"orthographic":false}