{"cameraMode":{"drawMode":0,"name":"Shaded","section":"Shading Mode"},"sceneLighting":false,"audioPlay":false,"sceneViewState":{"showFog":true,"showMaterialUpdate":false,"showSkybox":false,"showFlares":true,"showImageEffects":true,"showParticleSystems":true},"in2DMode":false,"pivot":{"x":-3.3654000759124758,"y":19.40146827697754,"z":12.68467903137207},"rotation":{"x":-0.06373593211174011,"y":-0.8411224484443665,"z":0.5274630784988403,"w":-0.10164260864257813},"size":1.1881219148635865,"orthographic":false}