{"cameraMode":{"drawMode":0,"name":"Shaded","section":"Shading Mode"},"sceneLighting":false,"audioPlay":false,"sceneViewState":{"showFog":true,"showMaterialUpdate":false,"showSkybox":false,"showFlares":true,"showImageEffects":true,"showParticleSystems":true},"in2DMode":false,"pivot":{"x":2.641225814819336,"y":1.1047351360321046,"z":0.8224081993103027},"rotation":{"x":-0.01993267610669136,"y":0.9778916835784912,"z":-0.17643152177333833,"w":-0.11047951877117157},"size":5.161965847015381,"orthographic":false}