{"cameraMode":{"drawMode":0,"name":"Shaded","section":"Shading Mode"},"sceneLighting":false,"audioPlay":false,"sceneViewState":{"showFog":true,"showMaterialUpdate":false,"showSkybox":false,"showFlares":true,"showImageEffects":true,"showParticleSystems":true},"in2DMode":false,"pivot":{"x":-9.641199111938477,"y":22.36954116821289,"z":10.590215682983399},"rotation":{"x":0.13901115953922273,"y":-0.8570569157600403,"z":0.3926495611667633,"w":0.3034035265445709},"size":5.494598865509033,"orthographic":false}