{"cameraMode":{"drawMode":0,"name":"Shaded","section":"Shading Mode"},"sceneLighting":false,"audioPlay":false,"sceneViewState":{"showFog":true,"showMaterialUpdate":false,"showSkybox":false,"showFlares":true,"showImageEffects":true,"showParticleSystems":true},"in2DMode":false,"pivot":{"x":3.9090092182159426,"y":-4.041858673095703,"z":-37.60279846191406},"rotation":{"x":-0.004254558123648167,"y":-0.9957578778266907,"z":0.0640173926949501,"w":-0.06611879914999008},"size":19.938457489013673,"orthographic":false}