{"cameraMode":{"drawMode":0,"name":"Shaded","section":"Shading Mode"},"sceneLighting":false,"audioPlay":false,"sceneViewState":{"showFog":true,"showMaterialUpdate":false,"showSkybox":false,"showFlares":true,"showImageEffects":true,"showParticleSystems":true},"in2DMode":false,"pivot":{"x":-58.573551177978519,"y":34.00590896606445,"z":-15.118300437927246},"rotation":{"x":0.16041575372219087,"y":-0.006135688163340092,"z":0.0010544722899794579,"w":0.9871158599853516},"size":9.958080291748047,"orthographic":false}