{"cameraMode":{"drawMode":0,"name":"Shaded","section":"Shading Mode"},"sceneLighting":false,"audioPlay":false,"sceneViewState":{"showFog":true,"showMaterialUpdate":false,"showSkybox":false,"showFlares":true,"showImageEffects":true,"showParticleSystems":true},"in2DMode":false,"pivot":{"x":-1.4700546264648438,"y":-0.1530919075012207,"z":2.4693782329559328},"rotation":{"x":0.2281997799873352,"y":0.4810276925563812,"z":-0.13126589357852937,"w":0.8362454175949097},"size":3.1612279415130617,"orthographic":false}