{"cameraMode":{"drawMode":0,"name":"Shaded","section":"Shading Mode"},"sceneLighting":false,"audioPlay":false,"sceneViewState":{"showFog":true,"showMaterialUpdate":false,"showSkybox":false,"showFlares":true,"showImageEffects":true,"showParticleSystems":true},"in2DMode":false,"pivot":{"x":-28.91061782836914,"y":-0.6032161712646484,"z":4.888617038726807},"rotation":{"x":0.2980550229549408,"y":0.6992707848548889,"z":-0.4926831126213074,"w":0.4239712357521057},"size":16.41643714904785,"orthographic":false}