{"cameraMode":{"drawMode":0,"name":"Shaded","section":"Shading Mode"},"sceneLighting":false,"audioPlay":false,"sceneViewState":{"showFog":true,"showMaterialUpdate":false,"showSkybox":false,"showFlares":true,"showImageEffects":true,"showParticleSystems":true},"in2DMode":false,"pivot":{"x":-6.814967155456543,"y":0.27139532566070559,"z":-0.8585179448127747},"rotation":{"x":-0.04018256440758705,"y":0.8176900148391724,"z":-0.05750397965312004,"w":-0.5713762640953064},"size":4.849742412567139,"orthographic":false}