{"cameraMode":{"drawMode":0,"name":"Shaded","section":"Shading Mode"},"sceneLighting":false,"audioPlay":false,"sceneViewState":{"showFog":true,"showMaterialUpdate":false,"showSkybox":false,"showFlares":true,"showImageEffects":true,"showParticleSystems":true},"in2DMode":false,"pivot":{"x":-63.68805694580078,"y":15.759817123413086,"z":19.268428802490236},"rotation":{"x":0.10193020105361939,"y":-0.8877348303794861,"z":0.3809022605419159,"w":0.2377115935087204},"size":3.8211588859558107,"orthographic":false}