{"cameraMode":{"drawMode":0,"name":"Shaded","section":"Shading Mode"},"sceneLighting":false,"audioPlay":false,"sceneViewState":{"showFog":true,"showMaterialUpdate":false,"showSkybox":false,"showFlares":true,"showImageEffects":true,"showParticleSystems":true},"in2DMode":false,"pivot":{"x":-5.993953704833984,"y":3.099972724914551,"z":-47.885292053222659},"rotation":{"x":0.0359831266105175,"y":0.5051878094673157,"z":0.02105373702943325,"w":-0.8620336055755615},"size":10.631307601928711,"orthographic":false}