{"cameraMode":{"drawMode":0,"name":"Shaded","section":"Shading Mode"},"sceneLighting":false,"audioPlay":false,"sceneViewState":{"showFog":true,"showMaterialUpdate":false,"showSkybox":false,"showFlares":true,"showImageEffects":true,"showParticleSystems":true},"in2DMode":false,"pivot":{"x":0.9806060791015625,"y":1.7167539596557618,"z":-1.349508285522461},"rotation":{"x":0.3653356730937958,"y":-0.37642741203308108,"z":0.16447985172271729,"w":0.8353970646858215},"size":5.439220905303955,"orthographic":false}