{"cameraMode":{"drawMode":0,"name":"Shaded","section":"Shading Mode"},"sceneLighting":true,"audioPlay":false,"sceneViewState":{"showFog":true,"showMaterialUpdate":false,"showSkybox":false,"showFlares":true,"showImageEffects":true,"showParticleSystems":true},"in2DMode":false,"pivot":{"x":3.363962173461914,"y":20.932228088378908,"z":-2.16741943359375},"rotation":{"x":-0.02275383099913597,"y":-0.06115060672163963,"z":0.0013946661492809654,"w":-0.9978847503662109},"size":0.019466375932097436,"orthographic":false}