{"cameraMode":{"drawMode":0,"name":"Shaded","section":"Shading Mode"},"sceneLighting":false,"audioPlay":false,"sceneViewState":{"showFog":true,"showMaterialUpdate":false,"showSkybox":false,"showFlares":true,"showImageEffects":true,"showParticleSystems":true},"in2DMode":false,"pivot":{"x":14.744783401489258,"y":-0.26250648498535159,"z":-3.812530517578125},"rotation":{"x":0.0359831266105175,"y":0.5051878094673157,"z":0.02105373702943325,"w":-0.8620336055755615},"size":11.676665306091309,"orthographic":false}